"","type","codon","anticodon"
"1","WC","TTG","CAA"
"2","WC","TTA","TAA"
"3","WC","TTC","GAA"
"4","IU","TTT","AAA"
"5","IC","TTC","AAA"
"6","GU","TTT","GAA"
"7","UG","TTG","TAA"
"8","WC","TCG","CGA"
"9","WC","TCA","TGA"
"10","WC","TCC","GGA"
"11","IU","TCT","AGA"
"12","IC","TCC","AGA"
"13","IA","TCA","AGA"
"14","GU","TCT","GGA"
"15","UG","TCG","TGA"
"16","WC","TAC","GTA"
"17","IU","TAT","ATA"
"18","IC","TAC","ATA"
"19","GU","TAT","GTA"
"20","WC","TGG","CCA"
"21","WC","TGC","GCA"
"22","IU","TGT","ACA"
"23","IC","TGC","ACA"
"24","GU","TGT","GCA"
"25","WC","CTG","CAG"
"26","WC","CTA","TAG"
"27","WC","CTC","GAG"
"28","IU","CTT","AAG"
"29","IC","CTC","AAG"
"30","IA","CTA","AAG"
"31","GU","CTT","GAG"
"32","UG","CTG","TAG"
"33","WC","CCG","CGG"
"34","WC","CCA","TGG"
"35","WC","CCC","GGG"
"36","IU","CCT","AGG"
"37","IC","CCC","AGG"
"38","IA","CCA","AGG"
"39","GU","CCT","GGG"
"40","UG","CCG","TGG"
"41","WC","CAG","CTG"
"42","WC","CAA","TTG"
"43","WC","CAC","GTG"
"44","IU","CAT","ATG"
"45","IC","CAC","ATG"
"46","GU","CAT","GTG"
"47","UG","CAG","TTG"
"48","WC","CGG","CCG"
"49","WC","CGA","TCG"
"50","WC","CGC","GCG"
"51","IU","CGT","ACG"
"52","IC","CGC","ACG"
"53","IA","CGA","ACG"
"54","GU","CGT","GCG"
"55","UG","CGG","TCG"
"56","WC","ATG","CAT"
"57","WC","ATA","TAT"
"58","WC","ATC","GAT"
"59","IU","ATT","AAT"
"60","IC","ATC","AAT"
"61","IA","ATA","AAT"
"62","GU","ATT","GAT"
"63","WC","ACG","CGT"
"64","WC","ACA","TGT"
"65","WC","ACC","GGT"
"66","IU","ACT","AGT"
"67","IC","ACC","AGT"
"68","IA","ACA","AGT"
"69","GU","ACT","GGT"
"70","UG","ACG","TGT"
"71","WC","AAG","CTT"
"72","WC","AAA","TTT"
"73","WC","AAC","GTT"
"74","IU","AAT","ATT"
"75","IC","AAC","ATT"
"76","GU","AAT","GTT"
"77","UG","AAG","TTT"
"78","WC","AGG","CCT"
"79","WC","AGA","TCT"
"80","WC","AGC","GCT"
"81","IU","AGT","ACT"
"82","IC","AGC","ACT"
"83","GU","AGT","GCT"
"84","UG","AGG","TCT"
"85","WC","GTG","CAC"
"86","WC","GTA","TAC"
"87","WC","GTC","GAC"
"88","IU","GTT","AAC"
"89","IC","GTC","AAC"
"90","IA","GTA","AAC"
"91","GU","GTT","GAC"
"92","UG","GTG","TAC"
"93","WC","GCG","CGC"
"94","WC","GCA","TGC"
"95","WC","GCC","GGC"
"96","IU","GCT","AGC"
"97","IC","GCC","AGC"
"98","IA","GCA","AGC"
"99","GU","GCT","GGC"
"100","UG","GCG","TGC"
"101","WC","GAG","CTC"
"102","WC","GAA","TTC"
"103","WC","GAC","GTC"
"104","IU","GAT","ATC"
"105","IC","GAC","ATC"
"106","GU","GAT","GTC"
"107","UG","GAG","TTC"
"108","WC","GGG","CCC"
"109","WC","GGA","TCC"
"110","WC","GGC","GCC"
"111","IU","GGT","ACC"
"112","IC","GGC","ACC"
"113","IA","GGA","ACC"
"114","GU","GGT","GCC"
"115","UG","GGG","TCC"
