"type","codon","anticodon"
"WC","TTG","CAA"
"WC","TTA","TAA"
"WC","TTC","GAA"
"IU","TTT","AAA"
"IC","TTC","AAA"
"GU","TTT","GAA"
"UG","TTG","TAA"
"WC","TCG","CGA"
"WC","TCA","TGA"
"WC","TCC","GGA"
"IU","TCT","AGA"
"IC","TCC","AGA"
"IA","TCA","AGA"
"GU","TCT","GGA"
"UG","TCG","TGA"
"WC","TAC","GTA"
"IU","TAT","ATA"
"IC","TAC","ATA"
"GU","TAT","GTA"
"WC","TGG","CCA"
"WC","TGC","GCA"
"IU","TGT","ACA"
"IC","TGC","ACA"
"GU","TGT","GCA"
"WC","CTG","CAG"
"WC","CTA","TAG"
"WC","CTC","GAG"
"IU","CTT","AAG"
"IC","CTC","AAG"
"IA","CTA","AAG"
"GU","CTT","GAG"
"UG","CTG","TAG"
"WC","CCG","CGG"
"WC","CCA","TGG"
"WC","CCC","GGG"
"IU","CCT","AGG"
"IC","CCC","AGG"
"IA","CCA","AGG"
"GU","CCT","GGG"
"UG","CCG","TGG"
"WC","CAG","CTG"
"WC","CAA","TTG"
"WC","CAC","GTG"
"IU","CAT","ATG"
"IC","CAC","ATG"
"GU","CAT","GTG"
"UG","CAG","TTG"
"WC","CGG","CCG"
"WC","CGA","TCG"
"WC","CGC","GCG"
"IU","CGT","ACG"
"IC","CGC","ACG"
"IA","CGA","ACG"
"GU","CGT","GCG"
"UG","CGG","TCG"
"WC","ATG","CAT"
"WC","ATA","TAT"
"WC","ATC","GAT"
"IU","ATT","AAT"
"IC","ATC","AAT"
"IA","ATA","AAT"
"GU","ATT","GAT"
"WC","ACG","CGT"
"WC","ACA","TGT"
"WC","ACC","GGT"
"IU","ACT","AGT"
"IC","ACC","AGT"
"IA","ACA","AGT"
"GU","ACT","GGT"
"UG","ACG","TGT"
"WC","AAG","CTT"
"WC","AAA","TTT"
"WC","AAC","GTT"
"IU","AAT","ATT"
"IC","AAC","ATT"
"GU","AAT","GTT"
"UG","AAG","TTT"
"WC","AGG","CCT"
"WC","AGA","TCT"
"WC","AGC","GCT"
"IU","AGT","ACT"
"IC","AGC","ACT"
"GU","AGT","GCT"
"UG","AGG","TCT"
"WC","GTG","CAC"
"WC","GTA","TAC"
"WC","GTC","GAC"
"IU","GTT","AAC"
"IC","GTC","AAC"
"IA","GTA","AAC"
"GU","GTT","GAC"
"UG","GTG","TAC"
"WC","GCG","CGC"
"WC","GCA","TGC"
"WC","GCC","GGC"
"IU","GCT","AGC"
"IC","GCC","AGC"
"IA","GCA","AGC"
"GU","GCT","GGC"
"UG","GCG","TGC"
"WC","GAG","CTC"
"WC","GAA","TTC"
"WC","GAC","GTC"
"IU","GAT","ATC"
"IC","GAC","ATC"
"GU","GAT","GTC"
"UG","GAG","TTC"
"WC","GGG","CCC"
"WC","GGA","TCC"
"WC","GGC","GCC"
"IU","GGT","ACC"
"IC","GGC","ACC"
"IA","GGA","ACC"
"GU","GGT","GCC"
"UG","GGG","TCC"
